<?xml version="1.0" encoding="utf-8" ?> 
<!--********** Copyright 2016 Roku Corp.  All Rights Reserved. **********--> 

<component name="PasswordScene" extends="Group" initialFocus="PasswordKeyboard">

    <script type="text/brightscript" uri="pkg:/components/screens/PasswordScene/PasswordScene.brs" />
    
    <children>

        <Group id="PasswordGroup">

            <Label id="PasswordLabel" />

            <Keyboard id="PasswordKeyboard" />

            <ButtonGroup id="PasswordButtonGroup" />
                
            <!-- <LoadingIndicator
    		      id="loadingIndicator"
    		      imageUri="pkg:/components/screens/LoadingIndicator/loader.png"
    		      clockwise="true"
    		      spinInterval="2"
    		      fadeInterval="0.5"
    		      spacing="20"
    		      imageWidth="100"
    		      text="Loading..."
    		      width="1280"
    		      height="720"
    		      centered="false"
                  translation="[0, 0]"
    		      textPadding="10"
    		      font="font:SmallBoldSystemFont"
    		      backgroundColor="0x551A8B"
    		      backgroundOpacity="0"/> -->

        </Group>

    </children>
</component>
